Folder,Files,LOC,SLOC-P,SLOC-L,MVG,BLOC,C&SLOC,CLOC,CWORD,HCLOC,HCWORD
Total,91,72339,43764,43165,84,717,5,27858,127764,366,1938
C:\Users\skylake\Desktop\Foodipe,91,72339,43764,43165,84,717,5,27858,127764,366,1938
C:\Users\skylake\Desktop\Foodipe\app,91,72339,43764,43165,84,717,5,27858,127764,366,1938
C:\Users\skylake\Desktop\Foodipe\app\build,62,69771,41911,41743,0,124,0,27736,127118,366,1938
C:\Users\skylake\Desktop\Foodipe\app\build\generated,62,69771,41911,41743,0,124,0,27736,127118,366,1938
C:\Users\skylake\Desktop\Foodipe\app\build\generated\source,62,69771,41911,41743,0,124,0,27736,127118,366,1938
C:\Users\skylake\Desktop\Foodipe\app\build\generated\source\buildConfig,2,28,18,16,0,4,0,6,18,6,18
C:\Users\skylake\Desktop\Foodipe\app\build\generated\source\buildConfig\debug,1,14,9,8,0,2,0,3,9,3,9
C:\Users\skylake\Desktop\Foodipe\app\build\generated\source\buildConfig\debug\com,1,14,9,8,0,2,0,3,9,3,9
C:\Users\skylake\Desktop\Foodipe\app\build\generated\source\buildConfig\debug\com\khawrizmi,1,14,9,8,0,2,0,3,9,3,9
C:\Users\skylake\Desktop\Foodipe\app\build\generated\source\buildConfig\debug\com\khawrizmi\iliaalizadeh,1,14,9,8,0,2,0,3,9,3,9
C:\Users\skylake\Desktop\Foodipe\app\build\generated\source\buildConfig\debug\com\khawrizmi\iliaalizadeh\foodipe,1,14,9,8,0,2,0,3,9,3,9
C:\Users\skylake\Desktop\Foodipe\app\build\generated\source\buildConfig\release,1,14,9,8,0,2,0,3,9,3,9
C:\Users\skylake\Desktop\Foodipe\app\build\generated\source\buildConfig\release\com,1,14,9,8,0,2,0,3,9,3,9
C:\Users\skylake\Desktop\Foodipe\app\build\generated\source\buildConfig\release\com\khawrizmi,1,14,9,8,0,2,0,3,9,3,9
C:\Users\skylake\Desktop\Foodipe\app\build\generated\source\buildConfig\release\com\khawrizmi\iliaalizadeh,1,14,9,8,0,2,0,3,9,3,9
C:\Users\skylake\Desktop\Foodipe\app\build\generated\source\buildConfig\release\com\khawrizmi\iliaalizadeh\foodipe,1,14,9,8,0,2,0,3,9,3,9
C:\Users\skylake\Desktop\Foodipe\app\build\generated\source\r,60,69743,41893,41727,0,120,0,27730,127100,360,1920
C:\Users\skylake\Desktop\Foodipe\app\build\generated\source\r\debug,30,34908,20983,20900,0,60,0,13865,63548,180,960
C:\Users\skylake\Desktop\Foodipe\app\build\generated\source\r\debug\android,18,5370,5226,5192,0,36,0,108,576,108,576
C:\Users\skylake\Desktop\Foodipe\app\build\generated\source\r\debug\android\arch,4,44,12,8,0,8,0,24,128,24,128
C:\Users\skylake\Desktop\Foodipe\app\build\generated\source\r\debug\android\arch\core,1,11,3,2,0,2,0,6,32,6,32
C:\Users\skylake\Desktop\Foodipe\app\build\generated\source\r\debug\android\arch\lifecycle,3,33,9,6,0,6,0,18,96,18,96
C:\Users\skylake\Desktop\Foodipe\app\build\generated\source\r\debug\android\arch\lifecycle\livedata,1,11,3,2,0,2,0,6,32,6,32
C:\Users\skylake\Desktop\Foodipe\app\build\generated\source\r\debug\android\arch\lifecycle\livedata\core,1,11,3,2,0,2,0,6,32,6,32
C:\Users\skylake\Desktop\Foodipe\app\build\generated\source\r\debug\android\arch\lifecycle\viewmodel,1,11,3,2,0,2,0,6,32,6,32
C:\Users\skylake\Desktop\Foodipe\app\build\generated\source\r\debug\android\support,14,5326,5214,5184,0,28,0,84,448,84,448
C:\Users\skylake\Desktop\Foodipe\app\build\generated\source\r\debug\android\support\compat,1,134,126,116,0,2,0,6,32,6,32
C:\Users\skylake\Desktop\Foodipe\app\build\generated\source\r\debug\android\support\constraint,1,235,227,227,0,2,0,6,32,6,32
C:\Users\skylake\Desktop\Foodipe\app\build\generated\source\r\debug\android\support\coreui,1,162,154,146,0,2,0,6,32,6,32
C:\Users\skylake\Desktop\Foodipe\app\build\generated\source\r\debug\android\support\coreutils,1,134,126,116,0,2,0,6,32,6,32
C:\Users\skylake\Desktop\Foodipe\app\build\generated\source\r\debug\android\support\design,1,1935,1927,1968,0,2,0,6,32,6,32
C:\Users\skylake\Desktop\Foodipe\app\build\generated\source\r\debug\android\support\fragment,1,162,154,146,0,2,0,6,32,6,32
C:\Users\skylake\Desktop\Foodipe\app\build\generated\source\r\debug\android\support\graphics,2,296,280,262,0,4,0,12,64,12,64
C:\Users\skylake\Desktop\Foodipe\app\build\generated\source\r\debug\android\support\graphics\drawable,2,296,280,262,0,4,0,12,64,12,64
C:\Users\skylake\Desktop\Foodipe\app\build\generated\source\r\debug\android\support\graphics\drawable\animated,1,162,154,146,0,2,0,6,32,6,32
C:\Users\skylake\Desktop\Foodipe\app\build\generated\source\r\debug\android\support\mediacompat,1,157,149,139,0,2,0,6,32,6,32
C:\Users\skylake\Desktop\Foodipe\app\build\generated\source\r\debug\android\support\transition,1,144,136,126,0,2,0,6,32,6,32
C:\Users\skylake\Desktop\Foodipe\app\build\generated\source\r\debug\android\support\v4,1,185,177,169,0,2,0,6,32,6,32
C:\Users\skylake\Desktop\Foodipe\app\build\generated\source\r\debug\android\support\v7,3,1782,1758,1769,0,6,0,18,96,18,96
C:\Users\skylake\Desktop\Foodipe\app\build\generated\source\r\debug\android\support\v7\appcompat,1,1534,1526,1549,0,2,0,6,32,6,32
C:\Users\skylake\Desktop\Foodipe\app\build\generated\source\r\debug\android\support\v7\cardview,1,58,50,45,0,2,0,6,32,6,32
C:\Users\skylake\Desktop\Foodipe\app\build\generated\source\r\debug\android\support\v7\recyclerview,1,190,182,175,0,2,0,6,32,6,32
C:\Users\skylake\Desktop\Foodipe\app\build\generated\source\r\debug\cn,1,948,940,951,0,2,0,6,32,6,32
C:\Users\skylake\Desktop\Foodipe\app\build\generated\source\r\debug\cn\pedant,1,948,940,951,0,2,0,6,32,6,32
C:\Users\skylake\Desktop\Foodipe\app\build\generated\source\r\debug\cn\pedant\SweetAlert,1,948,940,951,0,2,0,6,32,6,32
C:\Users\skylake\Desktop\Foodipe\app\build\generated\source\r\debug\com,8,24151,10402,10279,0,16,0,13733,62844,48,256
C:\Users\skylake\Desktop\Foodipe\app\build\generated\source\r\debug\com\afollestad,1,1554,1546,1568,0,2,0,6,32,6,32
C:\Users\skylake\Desktop\Foodipe\app\build\generated\source\r\debug\com\afollestad\materialdialogs,1,1554,1546,1568,0,2,0,6,32,6,32
C:\Users\skylake\Desktop\Foodipe\app\build\generated\source\r\debug\com\android,1,11,3,2,0,2,0,6,32,6,32
C:\Users\skylake\Desktop\Foodipe\app\build\generated\source\r\debug\com\android\volley,1,11,3,2,0,2,0,6,32,6,32
C:\Users\skylake\Desktop\Foodipe\app\build\generated\source\r\debug\com\github,2,3402,3386,3439,0,4,0,12,64,12,64
C:\Users\skylake\Desktop\Foodipe\app\build\generated\source\r\debug\com\github\florent37,1,1739,1731,1761,0,2,0,6,32,6,32
C:\Users\skylake\Desktop\Foodipe\app\build\generated\source\r\debug\com\github\florent37\expansionpanel,1,1739,1731,1761,0,2,0,6,32,6,32
C:\Users\skylake\Desktop\Foodipe\app\build\generated\source\r\debug\com\github\javiersantos,1,1663,1655,1678,0,2,0,6,32,6,32
C:\Users\skylake\Desktop\Foodipe\app\build\generated\source\r\debug\com\github\javiersantos\materialstyleddialogs,1,1663,1655,1678,0,2,0,6,32,6,32
C:\Users\skylake\Desktop\Foodipe\app\build\generated\source\r\debug\com\khawrizmi,1,16782,3089,2866,0,2,0,13691,62620,6,32
C:\Users\skylake\Desktop\Foodipe\app\build\generated\source\r\debug\com\khawrizmi\iliaalizadeh,1,16782,3089,2866,0,2,0,13691,62620,6,32
C:\Users\skylake\Desktop\Foodipe\app\build\generated\source\r\debug\com\khawrizmi\iliaalizadeh\foodipe,1,16782,3089,2866,0,2,0,13691,62620,6,32
C:\Users\skylake\Desktop\Foodipe\app\build\generated\source\r\debug\com\pnikosis,1,874,866,876,0,2,0,6,32,6,32
C:\Users\skylake\Desktop\Foodipe\app\build\generated\source\r\debug\com\pnikosis\materialishprogress,1,874,866,876,0,2,0,6,32,6,32
C:\Users\skylake\Desktop\Foodipe\app\build\generated\source\r\debug\com\stepstone,1,1492,1484,1504,0,2,0,6,32,6,32
C:\Users\skylake\Desktop\Foodipe\app\build\generated\source\r\debug\com\stepstone\apprating,1,1492,1484,1504,0,2,0,6,32,6,32
C:\Users\skylake\Desktop\Foodipe\app\build\generated\source\r\debug\com\wang,1,36,28,24,0,2,0,6,32,6,32
C:\Users\skylake\Desktop\Foodipe\app\build\generated\source\r\debug\com\wang\avi,1,36,28,24,0,2,0,6,32,6,32
C:\Users\skylake\Desktop\Foodipe\app\build\generated\source\r\debug\me,2,2856,2840,2880,0,4,0,12,64,12,64
C:\Users\skylake\Desktop\Foodipe\app\build\generated\source\r\debug\me\omidh,1,1471,1463,1484,0,2,0,6,32,6,32
C:\Users\skylake\Desktop\Foodipe\app\build\generated\source\r\debug\me\omidh\liquidradiobutton,1,1471,1463,1484,0,2,0,6,32,6,32
C:\Users\skylake\Desktop\Foodipe\app\build\generated\source\r\debug\me\zhanghai,1,1385,1377,1396,0,2,0,6,32,6,32
C:\Users\skylake\Desktop\Foodipe\app\build\generated\source\r\debug\me\zhanghai\android,1,1385,1377,1396,0,2,0,6,32,6,32
C:\Users\skylake\Desktop\Foodipe\app\build\generated\source\r\debug\me\zhanghai\android\materialprogressbar,1,1385,1377,1396,0,2,0,6,32,6,32
C:\Users\skylake\Desktop\Foodipe\app\build\generated\source\r\debug\mehdi,1,1583,1575,1598,0,2,0,6,32,6,32
C:\Users\skylake\Desktop\Foodipe\app\build\generated\source\r\debug\mehdi\sakout,1,1583,1575,1598,0,2,0,6,32,6,32
C:\Users\skylake\Desktop\Foodipe\app\build\generated\source\r\debug\mehdi\sakout\aboutpage,1,1583,1575,1598,0,2,0,6,32,6,32
C:\Users\skylake\Desktop\Foodipe\app\build\generated\source\r\release,30,34835,20910,20827,0,60,0,13865,63552,180,960
C:\Users\skylake\Desktop\Foodipe\app\build\generated\source\r\release\android,18,5370,5226,5192,0,36,0,108,576,108,576
C:\Users\skylake\Desktop\Foodipe\app\build\generated\source\r\release\android\arch,4,44,12,8,0,8,0,24,128,24,128
C:\Users\skylake\Desktop\Foodipe\app\build\generated\source\r\release\android\arch\core,1,11,3,2,0,2,0,6,32,6,32
C:\Users\skylake\Desktop\Foodipe\app\build\generated\source\r\release\android\arch\lifecycle,3,33,9,6,0,6,0,18,96,18,96
C:\Users\skylake\Desktop\Foodipe\app\build\generated\source\r\release\android\arch\lifecycle\livedata,1,11,3,2,0,2,0,6,32,6,32
C:\Users\skylake\Desktop\Foodipe\app\build\generated\source\r\release\android\arch\lifecycle\livedata\core,1,11,3,2,0,2,0,6,32,6,32
C:\Users\skylake\Desktop\Foodipe\app\build\generated\source\r\release\android\arch\lifecycle\viewmodel,1,11,3,2,0,2,0,6,32,6,32
C:\Users\skylake\Desktop\Foodipe\app\build\generated\source\r\release\android\support,14,5326,5214,5184,0,28,0,84,448,84,448
C:\Users\skylake\Desktop\Foodipe\app\build\generated\source\r\release\android\support\compat,1,134,126,116,0,2,0,6,32,6,32
C:\Users\skylake\Desktop\Foodipe\app\build\generated\source\r\release\android\support\constraint,1,235,227,227,0,2,0,6,32,6,32
C:\Users\skylake\Desktop\Foodipe\app\build\generated\source\r\release\android\support\coreui,1,162,154,146,0,2,0,6,32,6,32
C:\Users\skylake\Desktop\Foodipe\app\build\generated\source\r\release\android\support\coreutils,1,134,126,116,0,2,0,6,32,6,32
C:\Users\skylake\Desktop\Foodipe\app\build\generated\source\r\release\android\support\design,1,1935,1927,1968,0,2,0,6,32,6,32
C:\Users\skylake\Desktop\Foodipe\app\build\generated\source\r\release\android\support\fragment,1,162,154,146,0,2,0,6,32,6,32
C:\Users\skylake\Desktop\Foodipe\app\build\generated\source\r\release\android\support\graphics,2,296,280,262,0,4,0,12,64,12,64
C:\Users\skylake\Desktop\Foodipe\app\build\generated\source\r\release\android\support\graphics\drawable,2,296,280,262,0,4,0,12,64,12,64
C:\Users\skylake\Desktop\Foodipe\app\build\generated\source\r\release\android\support\graphics\drawable\animated,1,162,154,146,0,2,0,6,32,6,32
C:\Users\skylake\Desktop\Foodipe\app\build\generated\source\r\release\android\support\mediacompat,1,157,149,139,0,2,0,6,32,6,32
C:\Users\skylake\Desktop\Foodipe\app\build\generated\source\r\release\android\support\transition,1,144,136,126,0,2,0,6,32,6,32
C:\Users\skylake\Desktop\Foodipe\app\build\generated\source\r\release\android\support\v4,1,185,177,169,0,2,0,6,32,6,32
C:\Users\skylake\Desktop\Foodipe\app\build\generated\source\r\release\android\support\v7,3,1782,1758,1769,0,6,0,18,96,18,96
C:\Users\skylake\Desktop\Foodipe\app\build\generated\source\r\release\android\support\v7\appcompat,1,1534,1526,1549,0,2,0,6,32,6,32
C:\Users\skylake\Desktop\Foodipe\app\build\generated\source\r\release\android\support\v7\cardview,1,58,50,45,0,2,0,6,32,6,32
C:\Users\skylake\Desktop\Foodipe\app\build\generated\source\r\release\android\support\v7\recyclerview,1,190,182,175,0,2,0,6,32,6,32
C:\Users\skylake\Desktop\Foodipe\app\build\generated\source\r\release\cn,1,948,940,951,0,2,0,6,32,6,32
C:\Users\skylake\Desktop\Foodipe\app\build\generated\source\r\release\cn\pedant,1,948,940,951,0,2,0,6,32,6,32
C:\Users\skylake\Desktop\Foodipe\app\build\generated\source\r\release\cn\pedant\SweetAlert,1,948,940,951,0,2,0,6,32,6,32
C:\Users\skylake\Desktop\Foodipe\app\build\generated\source\r\release\com,8,24078,10329,10206,0,16,0,13733,62848,48,256
C:\Users\skylake\Desktop\Foodipe\app\build\generated\source\r\release\com\afollestad,1,1554,1546,1568,0,2,0,6,32,6,32
C:\Users\skylake\Desktop\Foodipe\app\build\generated\source\r\release\com\afollestad\materialdialogs,1,1554,1546,1568,0,2,0,6,32,6,32
C:\Users\skylake\Desktop\Foodipe\app\build\generated\source\r\release\com\android,1,11,3,2,0,2,0,6,32,6,32
C:\Users\skylake\Desktop\Foodipe\app\build\generated\source\r\release\com\android\volley,1,11,3,2,0,2,0,6,32,6,32
C:\Users\skylake\Desktop\Foodipe\app\build\generated\source\r\release\com\github,2,3402,3386,3439,0,4,0,12,64,12,64
C:\Users\skylake\Desktop\Foodipe\app\build\generated\source\r\release\com\github\florent37,1,1739,1731,1761,0,2,0,6,32,6,32
C:\Users\skylake\Desktop\Foodipe\app\build\generated\source\r\release\com\github\florent37\expansionpanel,1,1739,1731,1761,0,2,0,6,32,6,32
C:\Users\skylake\Desktop\Foodipe\app\build\generated\source\r\release\com\github\javiersantos,1,1663,1655,1678,0,2,0,6,32,6,32
C:\Users\skylake\Desktop\Foodipe\app\build\generated\source\r\release\com\github\javiersantos\materialstyleddialogs,1,1663,1655,1678,0,2,0,6,32,6,32
C:\Users\skylake\Desktop\Foodipe\app\build\generated\source\r\release\com\khawrizmi,1,16709,3016,2793,0,2,0,13691,62624,6,32
C:\Users\skylake\Desktop\Foodipe\app\build\generated\source\r\release\com\khawrizmi\iliaalizadeh,1,16709,3016,2793,0,2,0,13691,62624,6,32
C:\Users\skylake\Desktop\Foodipe\app\build\generated\source\r\release\com\khawrizmi\iliaalizadeh\foodipe,1,16709,3016,2793,0,2,0,13691,62624,6,32
C:\Users\skylake\Desktop\Foodipe\app\build\generated\source\r\release\com\pnikosis,1,874,866,876,0,2,0,6,32,6,32
C:\Users\skylake\Desktop\Foodipe\app\build\generated\source\r\release\com\pnikosis\materialishprogress,1,874,866,876,0,2,0,6,32,6,32
C:\Users\skylake\Desktop\Foodipe\app\build\generated\source\r\release\com\stepstone,1,1492,1484,1504,0,2,0,6,32,6,32
C:\Users\skylake\Desktop\Foodipe\app\build\generated\source\r\release\com\stepstone\apprating,1,1492,1484,1504,0,2,0,6,32,6,32
C:\Users\skylake\Desktop\Foodipe\app\build\generated\source\r\release\com\wang,1,36,28,24,0,2,0,6,32,6,32
C:\Users\skylake\Desktop\Foodipe\app\build\generated\source\r\release\com\wang\avi,1,36,28,24,0,2,0,6,32,6,32
C:\Users\skylake\Desktop\Foodipe\app\build\generated\source\r\release\me,2,2856,2840,2880,0,4,0,12,64,12,64
C:\Users\skylake\Desktop\Foodipe\app\build\generated\source\r\release\me\omidh,1,1471,1463,1484,0,2,0,6,32,6,32
C:\Users\skylake\Desktop\Foodipe\app\build\generated\source\r\release\me\omidh\liquidradiobutton,1,1471,1463,1484,0,2,0,6,32,6,32
C:\Users\skylake\Desktop\Foodipe\app\build\generated\source\r\release\me\zhanghai,1,1385,1377,1396,0,2,0,6,32,6,32
C:\Users\skylake\Desktop\Foodipe\app\build\generated\source\r\release\me\zhanghai\android,1,1385,1377,1396,0,2,0,6,32,6,32
C:\Users\skylake\Desktop\Foodipe\app\build\generated\source\r\release\me\zhanghai\android\materialprogressbar,1,1385,1377,1396,0,2,0,6,32,6,32
C:\Users\skylake\Desktop\Foodipe\app\build\generated\source\r\release\mehdi,1,1583,1575,1598,0,2,0,6,32,6,32
C:\Users\skylake\Desktop\Foodipe\app\build\generated\source\r\release\mehdi\sakout,1,1583,1575,1598,0,2,0,6,32,6,32
C:\Users\skylake\Desktop\Foodipe\app\build\generated\source\r\release\mehdi\sakout\aboutpage,1,1583,1575,1598,0,2,0,6,32,6,32
C:\Users\skylake\Desktop\Foodipe\app\src,29,2568,1853,1422,84,593,5,122,646,0,0
C:\Users\skylake\Desktop\Foodipe\app\src\androidTest,1,27,15,11,0,6,0,6,24,0,0
C:\Users\skylake\Desktop\Foodipe\app\src\androidTest\java,1,27,15,11,0,6,0,6,24,0,0
C:\Users\skylake\Desktop\Foodipe\app\src\androidTest\java\com,1,27,15,11,0,6,0,6,24,0,0
C:\Users\skylake\Desktop\Foodipe\app\src\androidTest\java\com\khawrizmi,1,27,15,11,0,6,0,6,24,0,0
C:\Users\skylake\Desktop\Foodipe\app\src\androidTest\java\com\khawrizmi\iliaalizadeh,1,27,15,11,0,6,0,6,24,0,0
C:\Users\skylake\Desktop\Foodipe\app\src\androidTest\java\com\khawrizmi\iliaalizadeh\foodipe,1,27,15,11,0,6,0,6,24,0,0
C:\Users\skylake\Desktop\Foodipe\app\src\main,27,2524,1829,1405,84,584,5,111,601,0,0
C:\Users\skylake\Desktop\Foodipe\app\src\main\java,27,2524,1829,1405,84,584,5,111,601,0,0
C:\Users\skylake\Desktop\Foodipe\app\src\main\java\com,27,2524,1829,1405,84,584,5,111,601,0,0
C:\Users\skylake\Desktop\Foodipe\app\src\main\java\com\khawrizmi,27,2524,1829,1405,84,584,5,111,601,0,0
C:\Users\skylake\Desktop\Foodipe\app\src\main\java\com\khawrizmi\iliaalizadeh,27,2524,1829,1405,84,584,5,111,601,0,0
C:\Users\skylake\Desktop\Foodipe\app\src\main\java\com\khawrizmi\iliaalizadeh\foodipe,27,2524,1829,1405,84,584,5,111,601,0,0
C:\Users\skylake\Desktop\Foodipe\app\src\test,1,17,9,6,0,3,0,5,21,0,0
C:\Users\skylake\Desktop\Foodipe\app\src\test\java,1,17,9,6,0,3,0,5,21,0,0
C:\Users\skylake\Desktop\Foodipe\app\src\test\java\com,1,17,9,6,0,3,0,5,21,0,0
C:\Users\skylake\Desktop\Foodipe\app\src\test\java\com\khawrizmi,1,17,9,6,0,3,0,5,21,0,0
C:\Users\skylake\Desktop\Foodipe\app\src\test\java\com\khawrizmi\iliaalizadeh,1,17,9,6,0,3,0,5,21,0,0
C:\Users\skylake\Desktop\Foodipe\app\src\test\java\com\khawrizmi\iliaalizadeh\foodipe,1,17,9,6,0,3,0,5,21,0,0
