File,LOC,SLOC-P,SLOC-L,MVG,BLOC,C&SLOC,CLOC,CWORD,HCLOC,HCWORD
C:\Users\skylake\Desktop\Foodipe\app\build\generated\source\buildConfig\debug\com\khawrizmi\iliaalizadeh\foodipe\BuildConfig.java,14,9,8,0,2,0,3,9,3,9
C:\Users\skylake\Desktop\Foodipe\app\build\generated\source\buildConfig\release\com\khawrizmi\iliaalizadeh\foodipe\BuildConfig.java,14,9,8,0,2,0,3,9,3,9
C:\Users\skylake\Desktop\Foodipe\app\build\generated\source\r\debug\android\arch\core\R.java,11,3,2,0,2,0,6,32,6,32
C:\Users\skylake\Desktop\Foodipe\app\build\generated\source\r\debug\android\arch\lifecycle\R.java,11,3,2,0,2,0,6,32,6,32
C:\Users\skylake\Desktop\Foodipe\app\build\generated\source\r\debug\android\arch\lifecycle\livedata\core\R.java,11,3,2,0,2,0,6,32,6,32
C:\Users\skylake\Desktop\Foodipe\app\build\generated\source\r\debug\android\arch\lifecycle\viewmodel\R.java,11,3,2,0,2,0,6,32,6,32
C:\Users\skylake\Desktop\Foodipe\app\build\generated\source\r\debug\android\support\compat\R.java,134,126,116,0,2,0,6,32,6,32
C:\Users\skylake\Desktop\Foodipe\app\build\generated\source\r\debug\android\support\constraint\R.java,235,227,227,0,2,0,6,32,6,32
C:\Users\skylake\Desktop\Foodipe\app\build\generated\source\r\debug\android\support\coreui\R.java,162,154,146,0,2,0,6,32,6,32
C:\Users\skylake\Desktop\Foodipe\app\build\generated\source\r\debug\android\support\coreutils\R.java,134,126,116,0,2,0,6,32,6,32
C:\Users\skylake\Desktop\Foodipe\app\build\generated\source\r\debug\android\support\design\R.java,1935,1927,1968,0,2,0,6,32,6,32
C:\Users\skylake\Desktop\Foodipe\app\build\generated\source\r\debug\android\support\fragment\R.java,162,154,146,0,2,0,6,32,6,32
C:\Users\skylake\Desktop\Foodipe\app\build\generated\source\r\debug\android\support\graphics\drawable\R.java,134,126,116,0,2,0,6,32,6,32
C:\Users\skylake\Desktop\Foodipe\app\build\generated\source\r\debug\android\support\graphics\drawable\animated\R.java,162,154,146,0,2,0,6,32,6,32
C:\Users\skylake\Desktop\Foodipe\app\build\generated\source\r\debug\android\support\mediacompat\R.java,157,149,139,0,2,0,6,32,6,32
C:\Users\skylake\Desktop\Foodipe\app\build\generated\source\r\debug\android\support\transition\R.java,144,136,126,0,2,0,6,32,6,32
C:\Users\skylake\Desktop\Foodipe\app\build\generated\source\r\debug\android\support\v4\R.java,185,177,169,0,2,0,6,32,6,32
C:\Users\skylake\Desktop\Foodipe\app\build\generated\source\r\debug\android\support\v7\appcompat\R.java,1534,1526,1549,0,2,0,6,32,6,32
C:\Users\skylake\Desktop\Foodipe\app\build\generated\source\r\debug\android\support\v7\cardview\R.java,58,50,45,0,2,0,6,32,6,32
C:\Users\skylake\Desktop\Foodipe\app\build\generated\source\r\debug\android\support\v7\recyclerview\R.java,190,182,175,0,2,0,6,32,6,32
C:\Users\skylake\Desktop\Foodipe\app\build\generated\source\r\debug\cn\pedant\SweetAlert\R.java,948,940,951,0,2,0,6,32,6,32
C:\Users\skylake\Desktop\Foodipe\app\build\generated\source\r\debug\com\afollestad\materialdialogs\R.java,1554,1546,1568,0,2,0,6,32,6,32
C:\Users\skylake\Desktop\Foodipe\app\build\generated\source\r\debug\com\android\volley\R.java,11,3,2,0,2,0,6,32,6,32
C:\Users\skylake\Desktop\Foodipe\app\build\generated\source\r\debug\com\github\florent37\expansionpanel\R.java,1739,1731,1761,0,2,0,6,32,6,32
C:\Users\skylake\Desktop\Foodipe\app\build\generated\source\r\debug\com\github\javiersantos\materialstyleddialogs\R.java,1663,1655,1678,0,2,0,6,32,6,32
C:\Users\skylake\Desktop\Foodipe\app\build\generated\source\r\debug\com\khawrizmi\iliaalizadeh\foodipe\R.java,16782,3089,2866,0,2,0,13691,62620,6,32
C:\Users\skylake\Desktop\Foodipe\app\build\generated\source\r\debug\com\pnikosis\materialishprogress\R.java,874,866,876,0,2,0,6,32,6,32
C:\Users\skylake\Desktop\Foodipe\app\build\generated\source\r\debug\com\stepstone\apprating\R.java,1492,1484,1504,0,2,0,6,32,6,32
C:\Users\skylake\Desktop\Foodipe\app\build\generated\source\r\debug\com\wang\avi\R.java,36,28,24,0,2,0,6,32,6,32
C:\Users\skylake\Desktop\Foodipe\app\build\generated\source\r\debug\me\omidh\liquidradiobutton\R.java,1471,1463,1484,0,2,0,6,32,6,32
C:\Users\skylake\Desktop\Foodipe\app\build\generated\source\r\debug\me\zhanghai\android\materialprogressbar\R.java,1385,1377,1396,0,2,0,6,32,6,32
C:\Users\skylake\Desktop\Foodipe\app\build\generated\source\r\debug\mehdi\sakout\aboutpage\R.java,1583,1575,1598,0,2,0,6,32,6,32
C:\Users\skylake\Desktop\Foodipe\app\build\generated\source\r\release\android\arch\core\R.java,11,3,2,0,2,0,6,32,6,32
C:\Users\skylake\Desktop\Foodipe\app\build\generated\source\r\release\android\arch\lifecycle\R.java,11,3,2,0,2,0,6,32,6,32
C:\Users\skylake\Desktop\Foodipe\app\build\generated\source\r\release\android\arch\lifecycle\livedata\core\R.java,11,3,2,0,2,0,6,32,6,32
C:\Users\skylake\Desktop\Foodipe\app\build\generated\source\r\release\android\arch\lifecycle\viewmodel\R.java,11,3,2,0,2,0,6,32,6,32
C:\Users\skylake\Desktop\Foodipe\app\build\generated\source\r\release\android\support\compat\R.java,134,126,116,0,2,0,6,32,6,32
C:\Users\skylake\Desktop\Foodipe\app\build\generated\source\r\release\android\support\constraint\R.java,235,227,227,0,2,0,6,32,6,32
C:\Users\skylake\Desktop\Foodipe\app\build\generated\source\r\release\android\support\coreui\R.java,162,154,146,0,2,0,6,32,6,32
C:\Users\skylake\Desktop\Foodipe\app\build\generated\source\r\release\android\support\coreutils\R.java,134,126,116,0,2,0,6,32,6,32
C:\Users\skylake\Desktop\Foodipe\app\build\generated\source\r\release\android\support\design\R.java,1935,1927,1968,0,2,0,6,32,6,32
C:\Users\skylake\Desktop\Foodipe\app\build\generated\source\r\release\android\support\fragment\R.java,162,154,146,0,2,0,6,32,6,32
C:\Users\skylake\Desktop\Foodipe\app\build\generated\source\r\release\android\support\graphics\drawable\R.java,134,126,116,0,2,0,6,32,6,32
C:\Users\skylake\Desktop\Foodipe\app\build\generated\source\r\release\android\support\graphics\drawable\animated\R.java,162,154,146,0,2,0,6,32,6,32
C:\Users\skylake\Desktop\Foodipe\app\build\generated\source\r\release\android\support\mediacompat\R.java,157,149,139,0,2,0,6,32,6,32
C:\Users\skylake\Desktop\Foodipe\app\build\generated\source\r\release\android\support\transition\R.java,144,136,126,0,2,0,6,32,6,32
C:\Users\skylake\Desktop\Foodipe\app\build\generated\source\r\release\android\support\v4\R.java,185,177,169,0,2,0,6,32,6,32
C:\Users\skylake\Desktop\Foodipe\app\build\generated\source\r\release\android\support\v7\appcompat\R.java,1534,1526,1549,0,2,0,6,32,6,32
C:\Users\skylake\Desktop\Foodipe\app\build\generated\source\r\release\android\support\v7\cardview\R.java,58,50,45,0,2,0,6,32,6,32
C:\Users\skylake\Desktop\Foodipe\app\build\generated\source\r\release\android\support\v7\recyclerview\R.java,190,182,175,0,2,0,6,32,6,32
C:\Users\skylake\Desktop\Foodipe\app\build\generated\source\r\release\cn\pedant\SweetAlert\R.java,948,940,951,0,2,0,6,32,6,32
C:\Users\skylake\Desktop\Foodipe\app\build\generated\source\r\release\com\afollestad\materialdialogs\R.java,1554,1546,1568,0,2,0,6,32,6,32
C:\Users\skylake\Desktop\Foodipe\app\build\generated\source\r\release\com\android\volley\R.java,11,3,2,0,2,0,6,32,6,32
C:\Users\skylake\Desktop\Foodipe\app\build\generated\source\r\release\com\github\florent37\expansionpanel\R.java,1739,1731,1761,0,2,0,6,32,6,32
C:\Users\skylake\Desktop\Foodipe\app\build\generated\source\r\release\com\github\javiersantos\materialstyleddialogs\R.java,1663,1655,1678,0,2,0,6,32,6,32
C:\Users\skylake\Desktop\Foodipe\app\build\generated\source\r\release\com\khawrizmi\iliaalizadeh\foodipe\R.java,16709,3016,2793,0,2,0,13691,62624,6,32
C:\Users\skylake\Desktop\Foodipe\app\build\generated\source\r\release\com\pnikosis\materialishprogress\R.java,874,866,876,0,2,0,6,32,6,32
C:\Users\skylake\Desktop\Foodipe\app\build\generated\source\r\release\com\stepstone\apprating\R.java,1492,1484,1504,0,2,0,6,32,6,32
C:\Users\skylake\Desktop\Foodipe\app\build\generated\source\r\release\com\wang\avi\R.java,36,28,24,0,2,0,6,32,6,32
C:\Users\skylake\Desktop\Foodipe\app\build\generated\source\r\release\me\omidh\liquidradiobutton\R.java,1471,1463,1484,0,2,0,6,32,6,32
C:\Users\skylake\Desktop\Foodipe\app\build\generated\source\r\release\me\zhanghai\android\materialprogressbar\R.java,1385,1377,1396,0,2,0,6,32,6,32
C:\Users\skylake\Desktop\Foodipe\app\build\generated\source\r\release\mehdi\sakout\aboutpage\R.java,1583,1575,1598,0,2,0,6,32,6,32
C:\Users\skylake\Desktop\Foodipe\app\src\androidTest\java\com\khawrizmi\iliaalizadeh\foodipe\ExampleInstrumentedTest.java,27,15,11,0,6,0,6,24,0,0
C:\Users\skylake\Desktop\Foodipe\app\src\main\java\com\khawrizmi\iliaalizadeh\foodipe\AboutActivity.java,14,10,7,0,4,0,0,0,0,0
C:\Users\skylake\Desktop\Foodipe\app\src\main\java\com\khawrizmi\iliaalizadeh\foodipe\accountFragment.java,85,51,42,2,23,0,11,43,0,0
C:\Users\skylake\Desktop\Foodipe\app\src\main\java\com\khawrizmi\iliaalizadeh\foodipe\adding.java,233,182,147,15,49,0,2,16,0,0
C:\Users\skylake\Desktop\Foodipe\app\src\main\java\com\khawrizmi\iliaalizadeh\foodipe\adviceActivity.java,53,42,33,3,11,0,0,0,0,0
C:\Users\skylake\Desktop\Foodipe\app\src\main\java\com\khawrizmi\iliaalizadeh\foodipe\adviceAdapter.java,78,50,38,2,28,0,0,0,0,0
C:\Users\skylake\Desktop\Foodipe\app\src\main\java\com\khawrizmi\iliaalizadeh\foodipe\advice_frag.java,121,89,70,2,28,0,4,12,0,0
C:\Users\skylake\Desktop\Foodipe\app\src\main\java\com\khawrizmi\iliaalizadeh\foodipe\AppConfig.java,9,5,4,0,3,0,1,4,0,0
C:\Users\skylake\Desktop\Foodipe\app\src\main\java\com\khawrizmi\iliaalizadeh\foodipe\AppController.java,52,38,28,4,14,0,0,0,0,0
C:\Users\skylake\Desktop\Foodipe\app\src\main\java\com\khawrizmi\iliaalizadeh\foodipe\calorie.java,130,87,68,2,42,0,1,6,0,0
C:\Users\skylake\Desktop\Foodipe\app\src\main\java\com\khawrizmi\iliaalizadeh\foodipe\calorieAdapter.java,78,53,38,2,25,0,0,0,0,0
C:\Users\skylake\Desktop\Foodipe\app\src\main\java\com\khawrizmi\iliaalizadeh\foodipe\data_activity.java,68,45,36,3,23,0,0,0,0,0
C:\Users\skylake\Desktop\Foodipe\app\src\main\java\com\khawrizmi\iliaalizadeh\foodipe\EndlessRecyclerViewScrollListener.java,98,64,50,6,15,0,19,210,0,0
C:\Users\skylake\Desktop\Foodipe\app\src\main\java\com\khawrizmi\iliaalizadeh\foodipe\Fetchadvice.java,30,21,18,0,9,0,0,0,0,0
C:\Users\skylake\Desktop\Foodipe\app\src\main\java\com\khawrizmi\iliaalizadeh\foodipe\Fetchcalorie.java,32,21,18,0,11,0,0,0,0,0
C:\Users\skylake\Desktop\Foodipe\app\src\main\java\com\khawrizmi\iliaalizadeh\foodipe\Fetchloopj.java,30,20,17,0,10,0,0,0,0,0
C:\Users\skylake\Desktop\Foodipe\app\src\main\java\com\khawrizmi\iliaalizadeh\foodipe\ings_frag.java,163,113,88,4,48,0,2,10,0,0
C:\Users\skylake\Desktop\Foodipe\app\src\main\java\com\khawrizmi\iliaalizadeh\foodipe\LoginActivity.java,242,172,133,10,46,0,24,112,0,0
C:\Users\skylake\Desktop\Foodipe\app\src\main\java\com\khawrizmi\iliaalizadeh\foodipe\loopjAdapter.java,71,50,35,2,21,0,0,0,0,0
C:\Users\skylake\Desktop\Foodipe\app\src\main\java\com\khawrizmi\iliaalizadeh\foodipe\MainActivity.java,199,191,125,10,8,0,0,0,0,0
C:\Users\skylake\Desktop\Foodipe\app\src\main\java\com\khawrizmi\iliaalizadeh\foodipe\NetUtils.java,44,32,25,1,12,0,0,0,0,0
C:\Users\skylake\Desktop\Foodipe\app\src\main\java\com\khawrizmi\iliaalizadeh\foodipe\PrescriptionFragment.java,161,115,92,2,46,0,0,0,0,0
C:\Users\skylake\Desktop\Foodipe\app\src\main\java\com\khawrizmi\iliaalizadeh\foodipe\RecyclerItemClickListener.java,45,36,24,3,9,0,0,0,0,0
C:\Users\skylake\Desktop\Foodipe\app\src\main\java\com\khawrizmi\iliaalizadeh\foodipe\RegisterActivity.java,196,141,110,6,35,0,20,98,0,0
C:\Users\skylake\Desktop\Foodipe\app\src\main\java\com\khawrizmi\iliaalizadeh\foodipe\SendComment.java,50,40,31,0,10,0,0,0,0,0
C:\Users\skylake\Desktop\Foodipe\app\src\main\java\com\khawrizmi\iliaalizadeh\foodipe\SessionManager.java,45,27,23,1,13,0,5,13,0,0
C:\Users\skylake\Desktop\Foodipe\app\src\main\java\com\khawrizmi\iliaalizadeh\foodipe\Splash_Screen.java,82,64,48,2,18,0,0,0,0,0
C:\Users\skylake\Desktop\Foodipe\app\src\main\java\com\khawrizmi\iliaalizadeh\foodipe\SQLiteHandler.java,115,70,57,2,23,5,22,77,0,0
C:\Users\skylake\Desktop\Foodipe\app\src\test\java\com\khawrizmi\iliaalizadeh\foodipe\ExampleUnitTest.java,17,9,6,0,3,0,5,21,0,0
